{"cameraMode":{"drawMode":0,"name":"Shaded","section":"Shading Mode"},"sceneLighting":true,"audioPlay":false,"sceneViewState":{"showFog":false,"showMaterialUpdate":false,"showSkybox":false,"showFlares":false,"showImageEffects":false,"showParticleSystems":false},"in2DMode":false,"pivot":{"x":-0.11749836057424545,"y":-1.1530518531799317,"z":1.0587067604064942},"rotation":{"x":0.3746371865272522,"y":0.004709460772573948,"z":-0.001939435605891049,"w":0.9271575212478638},"size":11.178515434265137,"orthographic":false}