{"cameraMode":{"drawMode":0,"name":"Shaded","section":"Shading Mode"},"sceneLighting":true,"audioPlay":false,"sceneViewState":{"showFog":false,"showMaterialUpdate":false,"showSkybox":false,"showFlares":false,"showImageEffects":false,"showParticleSystems":false},"in2DMode":false,"pivot":{"x":-0.11490921676158905,"y":1.236642599105835,"z":4.638576030731201},"rotation":{"x":-0.21174034476280213,"y":0.11290674656629563,"z":-0.024596646428108217,"w":-0.9704705476760864},"size":23.22457504272461,"orthographic":false}