{"cameraMode":{"drawMode":0,"name":"Shaded","section":"Shading Mode"},"sceneLighting":true,"audioPlay":false,"sceneViewState":{"showFog":true,"showMaterialUpdate":false,"showSkybox":true,"showFlares":true,"showImageEffects":true,"showParticleSystems":true},"in2DMode":false,"pivot":{"x":-0.8123086094856262,"y":1.5753200054168702,"z":-1.1849932670593262},"rotation":{"x":0.5626663565635681,"y":-0.002503496129065752,"z":0.0016636395594105125,"w":0.8266785740852356},"size":22.17463493347168,"orthographic":false}