{"cameraMode":{"drawMode":0,"name":"Shaded","section":"Shading Mode"},"sceneLighting":true,"audioPlay":false,"sceneViewState":{"showFog":false,"showMaterialUpdate":false,"showSkybox":false,"showFlares":false,"showImageEffects":false,"showParticleSystems":false},"in2DMode":false,"pivot":{"x":0.5885191559791565,"y":0.545009195804596,"z":-18.77975082397461},"rotation":{"x":0.6494110822677612,"y":-0.0013964344980195165,"z":0.0011470443569123746,"w":0.7604354619979858},"size":77.08863830566406,"orthographic":false}