{"cameraMode":{"drawMode":0,"name":"Shaded","section":"Shading Mode"},"sceneLighting":false,"audioPlay":false,"sceneViewState":{"showFog":true,"showMaterialUpdate":false,"showSkybox":true,"showFlares":true,"showImageEffects":true,"showParticleSystems":true},"in2DMode":false,"pivot":{"x":-5.960464477539063e-8,"y":4.76837158203125e-7,"z":-1.7881393432617188e-7},"rotation":{"x":-0.005814791657030582,"y":0.9835301637649536,"z":-0.17776301503181458,"w":-0.0321723036468029},"size":3.540858745574951,"orthographic":false}