{"cameraMode":{"drawMode":0,"name":"Shaded","section":"Shading Mode"},"sceneLighting":true,"audioPlay":false,"sceneViewState":{"showFog":false,"showMaterialUpdate":false,"showSkybox":false,"showFlares":false,"showImageEffects":false,"showParticleSystems":false},"in2DMode":false,"pivot":{"x":-0.11490921676158905,"y":1.236642599105835,"z":4.638576030731201},"rotation":{"x":-0.15839563310146333,"y":-0.054454315453767779,"z":0.008786420337855816,"w":-0.9858338832855225},"size":21.09569549560547,"orthographic":false}