{"cameraMode":{"drawMode":0,"name":"Shaded","section":"Shading Mode"},"sceneLighting":true,"audioPlay":false,"sceneViewState":{"showFog":false,"showMaterialUpdate":false,"showSkybox":false,"showFlares":false,"showImageEffects":false,"showParticleSystems":false},"in2DMode":false,"pivot":{"x":-0.11490921676158905,"y":1.236642599105835,"z":4.638576030731201},"rotation":{"x":-0.15239553153514863,"y":-0.06338462978601456,"z":0.009831479750573635,"w":-0.9862359762191773},"size":21.09569549560547,"orthographic":false}