{"cameraMode":{"drawMode":0,"name":"Shaded","section":"Shading Mode"},"sceneLighting":false,"audioPlay":false,"sceneViewState":{"showFog":true,"showMaterialUpdate":false,"showSkybox":true,"showFlares":true,"showImageEffects":true,"showParticleSystems":true},"in2DMode":false,"pivot":{"x":2.9100000858306886,"y":0.5700004696846008,"z":-2.8500001430511476},"rotation":{"x":-0.2865094542503357,"y":-0.079216368496418,"z":0.023778215050697328,"w":-0.9545007944107056},"size":2.940859079360962,"orthographic":false}