{"cameraMode":{"drawMode":0,"name":"Shaded","section":"Shading Mode"},"sceneLighting":false,"audioPlay":false,"sceneViewState":{"showFog":false,"showMaterialUpdate":false,"showSkybox":false,"showFlares":false,"showImageEffects":false,"showParticleSystems":false},"in2DMode":false,"pivot":{"x":-5.960464477539063e-8,"y":0.4999995231628418,"z":-1.9999998807907105},"rotation":{"x":-0.21174034476280213,"y":0.11290674656629563,"z":-0.024596646428108217,"w":-0.9704705476760864},"size":2.3408584594726564,"orthographic":false}