{"cameraMode":{"drawMode":0,"name":"Shaded","section":"Shading Mode"},"sceneLighting":true,"audioPlay":false,"sceneViewState":{"showFog":false,"showMaterialUpdate":false,"showSkybox":false,"showFlares":false,"showImageEffects":true,"showParticleSystems":true},"in2DMode":false,"pivot":{"x":0.2255876064300537,"y":0.08615729212760925,"z":0.9146636724472046},"rotation":{"x":-0.0011035767383873463,"y":0.7905481457710266,"z":0.6123972535133362,"w":0.001423356239683926},"size":15.901494979858399,"orthographic":false}